Grup Professional,Trabajadores,Salario_medio,Edad_mediana
Grup A,490,1213.3242857142857,51.0
Grup B,318,1724.5508490566035,47.0
Grup C,137,2289.1927007299273,51.0
Grup D,55,3100.817454545455,43.0
